accuracy,precision,recall,f1,mae,rmse,nae,roc_auc,pr_auc,tn,fp,fn,tp,model,sample_size,seed,setting,train_size,eval_size,original_eval_size,classifier,tfidf_max_features,tfidf_ngram_range,tfidf_min_df,codebert_model,codebert_max_len,codebert_epochs,codebert_learning_rate,codebert_batch_size,codebert_weight_decay,llm_eval_cap,llm_model,decoding,max_new_tokens,embedding_model,top_k,rag_index,similarity
0.925,0.9047619047619048,0.95,0.926829268292683,0.075,0.273861278752583,0.15,0.9875,0.9891666666666666,18,2,1,19,TFIDF_LR,200,13,D1_to_D1,160,40,40,LogisticRegression,20000.0,1-2,2.0,,,,,,,,,,,,,,
0.64,0.6076923076923076,0.79,0.6869565217391305,0.36,0.6,0.72,0.70475,0.6859744174848623,49,51,21,79,TFIDF_LR,200,13,D1_to_D2,160,200,200,LogisticRegression,20000.0,1-2,2.0,,,,,,,,,,,,,,
0.85,0.85,0.85,0.85,0.15,0.3872983346207417,0.3,0.93875,0.9492644404930932,17,3,3,17,TFIDF_LR,200,21,D1_to_D1,160,40,40,LogisticRegression,20000.0,1-2,2.0,,,,,,,,,,,,,,
0.63,0.5833333333333334,0.91,0.7109375,0.37,0.6082762530298219,0.74,0.6996,0.7058700299851721,35,65,9,91,TFIDF_LR,200,21,D1_to_D2,160,200,200,LogisticRegression,20000.0,1-2,2.0,,,,,,,,,,,,,,
0.825,0.782608695652174,0.9,0.8372093023255814,0.175,0.4183300132670378,0.35,0.9625,0.9729166666666668,15,5,2,18,TFIDF_LR,200,42,D1_to_D1,160,40,40,LogisticRegression,20000.0,1-2,2.0,,,,,,,,,,,,,,
0.565,0.54421768707483,0.8,0.6477732793522267,0.435,0.6595452979136459,0.87,0.6364000000000001,0.6318122855224162,33,67,20,80,TFIDF_LR,200,42,D1_to_D2,160,200,200,LogisticRegression,20000.0,1-2,2.0,,,,,,,,,,,,,,
0.85,0.7916666666666666,0.95,0.8636363636363636,0.15,0.3872983346207417,0.3,0.85375,0.7605048058666479,15,5,1,19,TFIDF_LR,200,87,D1_to_D1,160,40,40,LogisticRegression,20000.0,1-2,2.0,,,,,,,,,,,,,,
0.58,0.5526315789473685,0.84,0.6666666666666666,0.42,0.648074069840786,0.84,0.67045,0.6364448672702993,32,68,16,84,TFIDF_LR,200,87,D1_to_D2,160,200,200,LogisticRegression,20000.0,1-2,2.0,,,,,,,,,,,,,,
0.85,0.8181818181818182,0.9,0.8571428571428571,0.15,0.3872983346207417,0.3,0.94,0.9388737754333728,16,4,2,18,TFIDF_LR,200,100,D1_to_D1,160,40,40,LogisticRegression,20000.0,1-2,2.0,,,,,,,,,,,,,,
0.625,0.5874125874125874,0.84,0.691358024691358,0.375,0.6123724356957945,0.75,0.6666,0.673573275983328,41,59,16,84,TFIDF_LR,200,100,D1_to_D2,160,200,200,LogisticRegression,20000.0,1-2,2.0,,,,,,,,,,,,,,
0.89,0.903448275862069,0.8733333333333333,0.888135593220339,0.11,0.3316624790355399,0.22,0.9572888888888887,0.9367631699370548,136,14,19,131,TFIDF_LR,1500,13,D1_to_D1,1200,300,300,LogisticRegression,20000.0,1-2,2.0,,,,,,,,,,,,,,
0.612,0.5850202429149798,0.7706666666666667,0.6651323360184119,0.388,0.6228964600958975,0.776,0.6629786666666666,0.65373349803979,340,410,172,578,TFIDF_LR,1500,13,D1_to_D2,1200,1500,1500,LogisticRegression,20000.0,1-2,2.0,,,,,,,,,,,,,,
0.9166666666666666,0.8834355828220859,0.96,0.9201277955271564,0.0833333333333333,0.2886751345948128,0.1666666666666666,0.9717333333333332,0.968311437019182,131,19,6,144,TFIDF_LR,1500,21,D1_to_D1,1200,300,300,LogisticRegression,20000.0,1-2,2.0,,,,,,,,,,,,,,
0.6086666666666667,0.5817452357071213,0.7733333333333333,0.6639954207212364,0.3913333333333333,0.6255664100104267,0.7826666666666666,0.6748924444444445,0.6818956743565232,333,417,170,580,TFIDF_LR,1500,21,D1_to_D2,1200,1500,1500,LogisticRegression,20000.0,1-2,2.0,,,,,,,,,,,,,,
0.9033333333333332,0.8805031446540881,0.9333333333333332,0.906148867313916,0.0966666666666666,0.3109126351029605,0.1933333333333333,0.9592444444444445,0.9584876095230752,131,19,10,140,TFIDF_LR,1500,42,D1_to_D1,1200,300,300,LogisticRegression,20000.0,1-2,2.0,,,,,,,,,,,,,,
0.614,0.5908607863974495,0.7413333333333333,0.657599053814311,0.386,0.6212889826803627,0.772,0.6827502222222221,0.6812579166951374,365,385,194,556,TFIDF_LR,1500,42,D1_to_D2,1200,1500,1500,LogisticRegression,20000.0,1-2,2.0,,,,,,,,,,,,,,
0.9133333333333332,0.8780487804878049,0.96,0.9171974522292994,0.0866666666666666,0.2943920288775949,0.1733333333333333,0.9665333333333334,0.9639184476756496,130,20,6,144,TFIDF_LR,1500,87,D1_to_D1,1200,300,300,LogisticRegression,20000.0,1-2,2.0,,,,,,,,,,,,,,
0.6346666666666667,0.6052083333333333,0.7746666666666666,0.6795321637426901,0.3653333333333333,0.6044281043543006,0.7306666666666667,0.6855422222222222,0.6769974737310913,371,379,169,581,TFIDF_LR,1500,87,D1_to_D2,1200,1500,1500,LogisticRegression,20000.0,1-2,2.0,,,,,,,,,,,,,,
0.8866666666666667,0.8766233766233766,0.9,0.8881578947368421,0.1133333333333333,0.3366501646120692,0.2266666666666666,0.9472444444444444,0.9443405448618194,131,19,15,135,TFIDF_LR,1500,100,D1_to_D1,1200,300,300,LogisticRegression,20000.0,1-2,2.0,,,,,,,,,,,,,,
0.6166666666666667,0.5888324873096447,0.7733333333333333,0.6685878962536023,0.3833333333333333,0.6191391873668903,0.7666666666666667,0.6855102222222222,0.6810435071230927,345,405,170,580,TFIDF_LR,1500,100,D1_to_D2,1200,1500,1500,LogisticRegression,20000.0,1-2,2.0,,,,,,,,,,,,,,
0.938,0.932806324110672,0.944,0.9383697813121272,0.062,0.2489979919597746,0.124,0.975614,0.9536544428253656,466,34,28,472,TFIDF_LR,5000,13,D1_to_D1,4000,1000,1000,LogisticRegression,20000.0,1-2,2.0,,,,,,,,,,,,,,
0.6144,0.5889303482587065,0.7576,0.6627011896431071,0.3856,0.6209669878504009,0.7712,0.6790777599999999,0.6703702704639287,1178,1322,606,1894,TFIDF_LR,5000,13,D1_to_D2,4000,5000,5000,LogisticRegression,20000.0,1-2,2.0,,,,,,,,,,,,,,
0.932,0.923529411764706,0.942,0.9326732673267328,0.068,0.260768096208106,0.136,0.97869,0.9749332783933304,461,39,29,471,TFIDF_LR,5000,21,D1_to_D1,4000,1000,1000,LogisticRegression,20000.0,1-2,2.0,,,,,,,,,,,,,,
0.6222,0.5997388181521385,0.7348,0.6604350170771167,0.3778,0.6146543744251723,0.7556,0.68867072,0.6834266052223554,1274,1226,663,1837,TFIDF_LR,5000,21,D1_to_D2,4000,5000,5000,LogisticRegression,20000.0,1-2,2.0,,,,,,,,,,,,,,
0.933,0.9171483622350676,0.952,0.9342492639842984,0.067,0.2588435821108957,0.134,0.977384,0.9721200306173916,457,43,24,476,TFIDF_LR,5000,42,D1_to_D1,4000,1000,1000,LogisticRegression,20000.0,1-2,2.0,,,,,,,,,,,,,,
0.6274,0.6036446469248291,0.742,0.6657096716310784,0.3726,0.6104096984812741,0.7452,0.68331384,0.6749878719676028,1282,1218,645,1855,TFIDF_LR,5000,42,D1_to_D2,4000,5000,5000,LogisticRegression,20000.0,1-2,2.0,,,,,,,,,,,,,,
0.924,0.915686274509804,0.934,0.9247524752475248,0.076,0.2756809750418044,0.152,0.969918,0.9507238723851992,457,43,33,467,TFIDF_LR,5000,87,D1_to_D1,4000,1000,1000,LogisticRegression,20000.0,1-2,2.0,,,,,,,,,,,,,,
0.6146,0.5924491771539206,0.7344,0.6558313984640114,0.3854,0.6208059278067503,0.7708,0.67706832,0.6693354674893354,1237,1263,664,1836,TFIDF_LR,5000,87,D1_to_D2,4000,5000,5000,LogisticRegression,20000.0,1-2,2.0,,,,,,,,,,,,,,
0.93,0.933467741935484,0.926,0.929718875502008,0.07,0.2645751311064591,0.14,0.978642,0.9787609604293972,467,33,37,463,TFIDF_LR,5000,100,D1_to_D1,4000,1000,1000,LogisticRegression,20000.0,1-2,2.0,,,,,,,,,,,,,,
0.6332,0.6105577689243028,0.7356,0.6672714078374455,0.3668,0.6056401571890688,0.7336,0.7039276800000001,0.6985137766987087,1327,1173,661,1839,TFIDF_LR,5000,100,D1_to_D2,4000,5000,5000,LogisticRegression,20000.0,1-2,2.0,,,,,,,,,,,,,,
0.75,0.6666666666666666,1.0,0.8,0.25,0.5,0.5,0.9825,0.9852380952380956,10,10,0,20,CodeBERT,200,13,D1_to_D1,160,40,40,,,,,microsoft/codebert-base,128.0,3.0,2e-05,16.0,0.01,,,,,,,,
0.825,0.782608695652174,0.9,0.8372093023255814,0.175,0.4183300132670378,0.35,0.91,0.9244651732828356,15,5,2,18,CodeBERT,200,21,D1_to_D1,160,40,40,,,,,microsoft/codebert-base,128.0,3.0,2e-05,16.0,0.01,,,,,,,,
0.535,0.5195530726256983,0.93,0.6666666666666666,0.465,0.6819090848492928,0.93,0.7230999999999999,0.7063865611408484,14,86,7,93,CodeBERT,200,21,D1_to_D2,160,200,200,,,,,microsoft/codebert-base,128.0,3.0,2e-05,16.0,0.01,,,,,,,,
0.9,0.9,0.9,0.9,0.1,0.3162277660168379,0.2,0.97,0.9762645249487356,18,2,2,18,CodeBERT,200,42,D1_to_D1,160,40,40,,,,,microsoft/codebert-base,128.0,3.0,2e-05,16.0,0.01,,,,,,,,
0.595,0.5605095541401274,0.88,0.6848249027237354,0.405,0.6363961030678927,0.81,0.6672,0.6634718237542749,31,69,12,88,CodeBERT,200,42,D1_to_D2,160,200,200,,,,,microsoft/codebert-base,128.0,3.0,2e-05,16.0,0.01,,,,,,,,
0.825,0.7407407407407407,1.0,0.851063829787234,0.175,0.4183300132670378,0.35,0.8875,0.8524051284984789,13,7,0,20,CodeBERT,200,87,D1_to_D1,160,40,40,,,,,microsoft/codebert-base,128.0,3.0,2e-05,16.0,0.01,,,,,,,,
0.565,0.5363128491620112,0.96,0.6881720430107527,0.435,0.6595452979136459,0.87,0.7315499999999999,0.7028324270678918,17,83,4,96,CodeBERT,200,87,D1_to_D2,160,200,200,,,,,microsoft/codebert-base,128.0,3.0,2e-05,16.0,0.01,,,,,,,,
0.825,0.7407407407407407,1.0,0.851063829787234,0.175,0.4183300132670378,0.35,0.9875,0.9867685144233134,13,7,0,20,CodeBERT,200,100,D1_to_D1,160,40,40,,,,,microsoft/codebert-base,128.0,3.0,2e-05,16.0,0.01,,,,,,,,
0.56,0.5333333333333333,0.96,0.6857142857142857,0.44,0.6633249580710799,0.88,0.7507,0.7296290688119716,16,84,4,96,CodeBERT,200,100,D1_to_D2,160,200,200,,,,,microsoft/codebert-base,128.0,3.0,2e-05,16.0,0.01,,,,,,,,
0.94,0.9583333333333334,0.92,0.9387755102040816,0.06,0.2449489742783178,0.12,0.9874666666666666,0.9878508789714002,144,6,12,138,CodeBERT,1500,13,D1_to_D1,1200,300,300,,,,,microsoft/codebert-base,128.0,3.0,2e-05,16.0,0.01,,,,,,,,
0.5833333333333334,0.5591296121097445,0.788,0.6541228555617045,0.4166666666666667,0.6454972243679028,0.8333333333333334,0.6107644444444444,0.5766733761702965,284,466,159,591,CodeBERT,1500,13,D1_to_D2,1200,1500,1500,,,,,microsoft/codebert-base,128.0,3.0,2e-05,16.0,0.01,,,,,,,,
0.9466666666666668,0.9294871794871796,0.9666666666666668,0.9477124183006536,0.0533333333333333,0.2309401076758503,0.1066666666666666,0.9936666666666668,0.9939353699326188,139,11,5,145,CodeBERT,1500,21,D1_to_D1,1200,300,300,,,,,microsoft/codebert-base,128.0,3.0,2e-05,16.0,0.01,,,,,,,,
0.5893333333333334,0.5644230769230769,0.7826666666666666,0.6558659217877095,0.4106666666666667,0.6408327915038888,0.8213333333333334,0.6323422222222222,0.5977593663209726,297,453,163,587,CodeBERT,1500,21,D1_to_D2,1200,1500,1500,,,,,microsoft/codebert-base,128.0,3.0,2e-05,16.0,0.01,,,,,,,,
0.9533333333333334,0.9415584415584416,0.9666666666666668,0.9539473684210528,0.0466666666666666,0.2160246899469286,0.0933333333333333,0.9870444444444444,0.9872183612667654,141,9,5,145,CodeBERT,1500,42,D1_to_D1,1200,300,300,,,,,microsoft/codebert-base,128.0,3.0,2e-05,16.0,0.01,,,,,,,,
0.6266666666666667,0.6021505376344086,0.7466666666666667,0.6666666666666666,0.3733333333333333,0.6110100926607787,0.7466666666666667,0.6664186666666666,0.6469742342069775,380,370,190,560,CodeBERT,1500,42,D1_to_D2,1200,1500,1500,,,,,microsoft/codebert-base,128.0,3.0,2e-05,16.0,0.01,,,,,,,,
0.97,0.9548387096774194,0.9866666666666668,0.9704918032786886,0.03,0.1732050807568877,0.06,0.9905777777777778,0.9915103090581748,143,7,2,148,CodeBERT,1500,87,D1_to_D1,1200,300,300,,,,,microsoft/codebert-base,128.0,3.0,2e-05,16.0,0.01,,,,,,,,
0.6293333333333333,0.5881818181818181,0.8626666666666667,0.6994594594594594,0.3706666666666666,0.6088240030309799,0.7413333333333333,0.7039893333333334,0.6806855039050862,297,453,103,647,CodeBERT,1500,87,D1_to_D2,1200,1500,1500,,,,,microsoft/codebert-base,128.0,3.0,2e-05,16.0,0.01,,,,,,,,
0.9533333333333334,0.9533333333333334,0.9533333333333334,0.9533333333333334,0.0466666666666666,0.2160246899469286,0.0933333333333333,0.9842,0.986927887600162,143,7,7,143,CodeBERT,1500,100,D1_to_D1,1200,300,300,,,,,microsoft/codebert-base,128.0,3.0,2e-05,16.0,0.01,,,,,,,,
0.6006666666666667,0.5690759377859104,0.8293333333333334,0.6749864351600651,0.3993333333333333,0.6319282659711728,0.7986666666666666,0.6382408888888889,0.5843504392646615,279,471,128,622,CodeBERT,1500,100,D1_to_D2,1200,1500,1500,,,,,microsoft/codebert-base,128.0,3.0,2e-05,16.0,0.01,,,,,,,,
0.958,0.958,0.958,0.958,0.042,0.2049390153191919,0.084,0.989822,0.9885717250035396,479,21,21,479,CodeBERT,5000,13,D1_to_D1,4000,1000,1000,,,,,microsoft/codebert-base,128.0,3.0,2e-05,16.0,0.01,,,,,,,,
0.587,0.5631716526285216,0.7756,0.6525323910482921,0.413,0.6426507605223851,0.826,0.62876184,0.5970012582956972,996,1504,561,1939,CodeBERT,5000,13,D1_to_D2,4000,5000,5000,,,,,microsoft/codebert-base,128.0,3.0,2e-05,16.0,0.01,,,,,,,,
0.977,0.9667318982387476,0.988,0.9772502472799208,0.023,0.151657508881031,0.046,0.996422,0.9957078412188114,483,17,6,494,CodeBERT,5000,21,D1_to_D1,4000,1000,1000,,,,,microsoft/codebert-base,128.0,3.0,2e-05,16.0,0.01,,,,,,,,
0.6004,0.5702687569988801,0.8148,0.6709486166007905,0.3996,0.6321392251711644,0.7992,0.64747384,0.6102027174795276,965,1535,463,2037,CodeBERT,5000,21,D1_to_D2,4000,5000,5000,,,,,microsoft/codebert-base,128.0,3.0,2e-05,16.0,0.01,,,,,,,,
0.962,0.9601593625498008,0.964,0.9620758483033932,0.038,0.1949358868961792,0.076,0.98951,0.9873924635240744,480,20,18,482,CodeBERT,5000,42,D1_to_D1,4000,1000,1000,,,,,microsoft/codebert-base,128.0,3.0,2e-05,16.0,0.01,,,,,,,,
0.61,0.5824835032993402,0.7768,0.6657524854302366,0.39,0.6244997998398398,0.78,0.66923,0.6558554971812841,1108,1392,558,1942,CodeBERT,5000,42,D1_to_D2,4000,5000,5000,,,,,microsoft/codebert-base,128.0,3.0,2e-05,16.0,0.01,,,,,,,,
0.964,0.9566929133858268,0.972,0.9642857142857144,0.036,0.1897366596101027,0.072,0.989708,0.9879488480576196,478,22,14,486,CodeBERT,5000,87,D1_to_D1,4000,1000,1000,,,,,microsoft/codebert-base,128.0,3.0,2e-05,16.0,0.01,,,,,,,,
0.555,0.5345911949685535,0.85,0.6563706563706564,0.445,0.6670832032063166,0.89,0.6903999999999999,0.6743364668988365,26,74,15,85,CodeBERT,200,13,D1_to_D2,160,200,200,,,,,microsoft/codebert-base,128.0,3.0,2e-05,16.0,0.01,,,,,,,,
0.6002,0.5741782647320106,0.7756,0.6598604730304577,0.3998,0.6322973983814895,0.7996,0.64835928,0.6348349350465279,1062,1438,561,1939,CodeBERT,5000,87,D1_to_D2,4000,5000,5000,,,,,microsoft/codebert-base,128.0,3.0,2e-05,16.0,0.01,,,,,,,,
0.962,0.9547244094488188,0.97,0.9623015873015872,0.038,0.1949358868961792,0.076,0.99256,0.9926629682236784,477,23,15,485,CodeBERT,5000,100,D1_to_D1,4000,1000,1000,,,,,microsoft/codebert-base,128.0,3.0,2e-05,16.0,0.01,,,,,,,,
0.6218,0.5908683974932856,0.792,0.676807383353273,0.3782,0.6149796744608719,0.7564,0.6577932799999999,0.6088156357529536,1129,1371,520,1980,CodeBERT,5000,100,D1_to_D2,4000,5000,5000,,,,,microsoft/codebert-base,128.0,3.0,2e-05,16.0,0.01,,,,,,,,
0.525,1.0,0.05,0.0952380952380952,0.475,0.689202437604511,0.95,,,20,0,19,1,Prompt_LLM,200,13,D1_to_D1,160,40,40,,,,,,,,,,,300.0,Qwen/Qwen2.5-1.5B-Instruct,greedy,8.0,,,,
0.525,0.7272727272727273,0.08,0.1441441441441441,0.475,0.689202437604511,0.95,,,97,3,92,8,Prompt_LLM,200,13,D1_to_D2,160,200,200,,,,,,,,,,,300.0,Qwen/Qwen2.5-1.5B-Instruct,greedy,8.0,,,,
0.5,0.0,0.0,0.0,0.5,0.7071067811865476,1.0,,,20,0,20,0,Prompt_LLM,200,21,D1_to_D1,160,40,40,,,,,,,,,,,300.0,Qwen/Qwen2.5-1.5B-Instruct,greedy,8.0,,,,
0.54,0.7857142857142857,0.11,0.1929824561403508,0.46,0.6782329983125268,0.92,,,97,3,89,11,Prompt_LLM,200,21,D1_to_D2,160,200,200,,,,,,,,,,,300.0,Qwen/Qwen2.5-1.5B-Instruct,greedy,8.0,,,,
0.525,1.0,0.05,0.0952380952380952,0.475,0.689202437604511,0.95,,,20,0,19,1,Prompt_LLM,200,42,D1_to_D1,160,40,40,,,,,,,,,,,300.0,Qwen/Qwen2.5-1.5B-Instruct,greedy,8.0,,,,
0.525,0.6666666666666666,0.1,0.1739130434782608,0.475,0.689202437604511,0.95,,,95,5,90,10,Prompt_LLM,200,42,D1_to_D2,160,200,200,,,,,,,,,,,300.0,Qwen/Qwen2.5-1.5B-Instruct,greedy,8.0,,,,
0.5,0.0,0.0,0.0,0.5,0.7071067811865476,1.0,,,20,0,20,0,Prompt_LLM,200,87,D1_to_D1,160,40,40,,,,,,,,,,,300.0,Qwen/Qwen2.5-1.5B-Instruct,greedy,8.0,,,,
0.5,0.5,0.03,0.0566037735849056,0.5,0.7071067811865476,1.0,,,97,3,97,3,Prompt_LLM,200,87,D1_to_D2,160,200,200,,,,,,,,,,,300.0,Qwen/Qwen2.5-1.5B-Instruct,greedy,8.0,,,,
0.5,0.0,0.0,0.0,0.5,0.7071067811865476,1.0,,,20,0,20,0,Prompt_LLM,200,100,D1_to_D1,160,40,40,,,,,,,,,,,300.0,Qwen/Qwen2.5-1.5B-Instruct,greedy,8.0,,,,
0.55,0.75,0.15,0.25,0.45,0.6708203932499369,0.9,,,95,5,85,15,Prompt_LLM,200,100,D1_to_D2,160,200,200,,,,,,,,,,,300.0,Qwen/Qwen2.5-1.5B-Instruct,greedy,8.0,,,,
0.5066666666666667,0.75,0.02,0.0389610389610389,0.4933333333333333,0.7023769168568492,0.9866666666666668,,,149,1,147,3,Prompt_LLM,1500,13,D1_to_D1,1200,300,300,,,,,,,,,,,300.0,Qwen/Qwen2.5-1.5B-Instruct,greedy,8.0,,,,
0.5233333333333333,0.64,0.1066666666666666,0.1828571428571428,0.4766666666666667,0.6904105059069326,0.9533333333333334,,,141,9,134,16,Prompt_LLM,1500,13,D1_to_D2,1200,300,300,,,,,,,,,,,300.0,Qwen/Qwen2.5-1.5B-Instruct,greedy,8.0,,,,
0.5066666666666667,0.75,0.02,0.0389610389610389,0.4933333333333333,0.7023769168568492,0.9866666666666668,,,149,1,147,3,Prompt_LLM,1500,21,D1_to_D1,1200,300,300,,,,,,,,,,,300.0,Qwen/Qwen2.5-1.5B-Instruct,greedy,8.0,,,,
0.52,0.6875,0.0733333333333333,0.1325301204819277,0.48,0.6928203230275509,0.96,,,145,5,139,11,Prompt_LLM,1500,21,D1_to_D2,1200,300,300,,,,,,,,,,,300.0,Qwen/Qwen2.5-1.5B-Instruct,greedy,8.0,,,,
0.5,0.0,0.0,0.0,0.5,0.7071067811865476,1.0,,,150,0,150,0,Prompt_LLM,1500,42,D1_to_D1,1200,300,300,,,,,,,,,,,300.0,Qwen/Qwen2.5-1.5B-Instruct,greedy,8.0,,,,
0.5366666666666666,0.6896551724137931,0.1333333333333333,0.2234636871508379,0.4633333333333333,0.6806859285554046,0.9266666666666666,,,141,9,130,20,Prompt_LLM,1500,42,D1_to_D2,1200,300,300,,,,,,,,,,,300.0,Qwen/Qwen2.5-1.5B-Instruct,greedy,8.0,,,,
0.51,1.0,0.02,0.0392156862745098,0.49,0.7,0.98,,,150,0,147,3,Prompt_LLM,1500,87,D1_to_D1,1200,300,300,,,,,,,,,,,300.0,Qwen/Qwen2.5-1.5B-Instruct,greedy,8.0,,,,
0.5233333333333333,0.6842105263157895,0.0866666666666666,0.1538461538461538,0.4766666666666667,0.6904105059069326,0.9533333333333334,,,144,6,137,13,Prompt_LLM,1500,87,D1_to_D2,1200,300,300,,,,,,,,,,,300.0,Qwen/Qwen2.5-1.5B-Instruct,greedy,8.0,,,,
0.5166666666666667,1.0,0.0333333333333333,0.064516129032258,0.4833333333333333,0.695221787153807,0.9666666666666668,,,150,0,145,5,Prompt_LLM,1500,100,D1_to_D1,1200,300,300,,,,,,,,,,,300.0,Qwen/Qwen2.5-1.5B-Instruct,greedy,8.0,,,,
0.51,0.5555555555555556,0.1,0.1694915254237288,0.49,0.7,0.98,,,138,12,135,15,Prompt_LLM,1500,100,D1_to_D2,1200,300,300,,,,,,,,,,,300.0,Qwen/Qwen2.5-1.5B-Instruct,greedy,8.0,,,,
0.52,1.0,0.04,0.0769230769230769,0.48,0.6928203230275509,0.96,,,150,0,144,6,Prompt_LLM,5000,13,D1_to_D1,4000,300,300,,,,,,,,,,,300.0,Qwen/Qwen2.5-1.5B-Instruct,greedy,8.0,,,,
0.56,0.7647058823529411,0.1733333333333333,0.2826086956521739,0.44,0.6633249580710799,0.88,,,142,8,124,26,Prompt_LLM,5000,13,D1_to_D2,4000,300,300,,,,,,,,,,,300.0,Qwen/Qwen2.5-1.5B-Instruct,greedy,8.0,,,,
0.5066666666666667,1.0,0.0133333333333333,0.0263157894736842,0.4933333333333333,0.7023769168568492,0.9866666666666668,,,150,0,148,2,Prompt_LLM,5000,21,D1_to_D1,4000,300,300,,,,,,,,,,,300.0,Qwen/Qwen2.5-1.5B-Instruct,greedy,8.0,,,,
0.54,0.8333333333333334,0.1,0.1785714285714285,0.46,0.6782329983125268,0.92,,,147,3,135,15,Prompt_LLM,5000,21,D1_to_D2,4000,300,300,,,,,,,,,,,300.0,Qwen/Qwen2.5-1.5B-Instruct,greedy,8.0,,,,
0.5033333333333333,1.0,0.0066666666666666,0.0132450331125827,0.4966666666666666,0.7047458170621992,0.9933333333333332,,,150,0,149,1,Prompt_LLM,5000,42,D1_to_D1,4000,300,300,,,,,,,,,,,300.0,Qwen/Qwen2.5-1.5B-Instruct,greedy,8.0,,,,
0.5333333333333333,0.6923076923076923,0.12,0.2045454545454545,0.4666666666666667,0.6831300510639732,0.9333333333333332,,,142,8,132,18,Prompt_LLM,5000,42,D1_to_D2,4000,300,300,,,,,,,,,,,300.0,Qwen/Qwen2.5-1.5B-Instruct,greedy,8.0,,,,
0.5133333333333333,1.0,0.0266666666666666,0.0519480519480519,0.4866666666666667,0.697614984548545,0.9733333333333334,,,150,0,146,4,Prompt_LLM,5000,87,D1_to_D1,4000,300,300,,,,,,,,,,,300.0,Qwen/Qwen2.5-1.5B-Instruct,greedy,8.0,,,,
0.52,0.6875,0.0733333333333333,0.1325301204819277,0.48,0.6928203230275509,0.96,,,145,5,139,11,Prompt_LLM,5000,87,D1_to_D2,4000,300,300,,,,,,,,,,,300.0,Qwen/Qwen2.5-1.5B-Instruct,greedy,8.0,,,,
0.5066666666666667,1.0,0.0133333333333333,0.0263157894736842,0.4933333333333333,0.7023769168568492,0.9866666666666668,,,150,0,148,2,Prompt_LLM,5000,100,D1_to_D1,4000,300,300,,,,,,,,,,,300.0,Qwen/Qwen2.5-1.5B-Instruct,greedy,8.0,,,,
0.5466666666666666,0.8888888888888888,0.1066666666666666,0.1904761904761904,0.4533333333333333,0.6733003292241385,0.9066666666666666,,,148,2,134,16,Prompt_LLM,5000,100,D1_to_D2,4000,300,300,,,,,,,,,,,300.0,Qwen/Qwen2.5-1.5B-Instruct,greedy,8.0,,,,
0.5,0.0,0.0,0.0,0.5,0.7071067811865476,1.0,,,20,0,20,0,LLM_RAG,200,13,D1_to_D1,160,40,40,,,,,,,,,,,300.0,Qwen/Qwen2.5-1.5B-Instruct,greedy,8.0,BAAI/bge-base-en-v1.5,3.0,FAISS IndexFlatIP,inner product over normalized embeddings
0.5,0.0,0.0,0.0,0.5,0.7071067811865476,1.0,,,100,0,100,0,LLM_RAG,200,13,D1_to_D2,160,200,200,,,,,,,,,,,300.0,Qwen/Qwen2.5-1.5B-Instruct,greedy,8.0,BAAI/bge-base-en-v1.5,3.0,FAISS IndexFlatIP,inner product over normalized embeddings
0.5,0.0,0.0,0.0,0.5,0.7071067811865476,1.0,,,20,0,20,0,LLM_RAG,200,21,D1_to_D1,160,40,40,,,,,,,,,,,300.0,Qwen/Qwen2.5-1.5B-Instruct,greedy,8.0,BAAI/bge-base-en-v1.5,3.0,FAISS IndexFlatIP,inner product over normalized embeddings
0.5,0.0,0.0,0.0,0.5,0.7071067811865476,1.0,,,100,0,100,0,LLM_RAG,200,21,D1_to_D2,160,200,200,,,,,,,,,,,300.0,Qwen/Qwen2.5-1.5B-Instruct,greedy,8.0,BAAI/bge-base-en-v1.5,3.0,FAISS IndexFlatIP,inner product over normalized embeddings
0.5,0.0,0.0,0.0,0.5,0.7071067811865476,1.0,,,20,0,20,0,LLM_RAG,200,42,D1_to_D1,160,40,40,,,,,,,,,,,300.0,Qwen/Qwen2.5-1.5B-Instruct,greedy,8.0,BAAI/bge-base-en-v1.5,3.0,FAISS IndexFlatIP,inner product over normalized embeddings
0.5,0.0,0.0,0.0,0.5,0.7071067811865476,1.0,,,100,0,100,0,LLM_RAG,200,42,D1_to_D2,160,200,200,,,,,,,,,,,300.0,Qwen/Qwen2.5-1.5B-Instruct,greedy,8.0,BAAI/bge-base-en-v1.5,3.0,FAISS IndexFlatIP,inner product over normalized embeddings
0.5,0.0,0.0,0.0,0.5,0.7071067811865476,1.0,,,20,0,20,0,LLM_RAG,200,87,D1_to_D1,160,40,40,,,,,,,,,,,300.0,Qwen/Qwen2.5-1.5B-Instruct,greedy,8.0,BAAI/bge-base-en-v1.5,3.0,FAISS IndexFlatIP,inner product over normalized embeddings
0.5,0.0,0.0,0.0,0.5,0.7071067811865476,1.0,,,100,0,100,0,LLM_RAG,200,87,D1_to_D2,160,200,200,,,,,,,,,,,300.0,Qwen/Qwen2.5-1.5B-Instruct,greedy,8.0,BAAI/bge-base-en-v1.5,3.0,FAISS IndexFlatIP,inner product over normalized embeddings
0.5,0.0,0.0,0.0,0.5,0.7071067811865476,1.0,,,20,0,20,0,LLM_RAG,200,100,D1_to_D1,160,40,40,,,,,,,,,,,300.0,Qwen/Qwen2.5-1.5B-Instruct,greedy,8.0,BAAI/bge-base-en-v1.5,3.0,FAISS IndexFlatIP,inner product over normalized embeddings
0.5,0.0,0.0,0.0,0.5,0.7071067811865476,1.0,,,100,0,100,0,LLM_RAG,200,100,D1_to_D2,160,200,200,,,,,,,,,,,300.0,Qwen/Qwen2.5-1.5B-Instruct,greedy,8.0,BAAI/bge-base-en-v1.5,3.0,FAISS IndexFlatIP,inner product over normalized embeddings
0.5,0.0,0.0,0.0,0.5,0.7071067811865476,1.0,,,150,0,150,0,LLM_RAG,1500,13,D1_to_D1,1200,300,300,,,,,,,,,,,300.0,Qwen/Qwen2.5-1.5B-Instruct,greedy,8.0,BAAI/bge-base-en-v1.5,3.0,FAISS IndexFlatIP,inner product over normalized embeddings
0.5,0.0,0.0,0.0,0.5,0.7071067811865476,1.0,,,150,0,150,0,LLM_RAG,1500,13,D1_to_D2,1200,300,300,,,,,,,,,,,300.0,Qwen/Qwen2.5-1.5B-Instruct,greedy,8.0,BAAI/bge-base-en-v1.5,3.0,FAISS IndexFlatIP,inner product over normalized embeddings
0.5,0.0,0.0,0.0,0.5,0.7071067811865476,1.0,,,150,0,150,0,LLM_RAG,1500,21,D1_to_D1,1200,300,300,,,,,,,,,,,300.0,Qwen/Qwen2.5-1.5B-Instruct,greedy,8.0,BAAI/bge-base-en-v1.5,3.0,FAISS IndexFlatIP,inner product over normalized embeddings
0.5,0.0,0.0,0.0,0.5,0.7071067811865476,1.0,,,150,0,150,0,LLM_RAG,1500,21,D1_to_D2,1200,300,300,,,,,,,,,,,300.0,Qwen/Qwen2.5-1.5B-Instruct,greedy,8.0,BAAI/bge-base-en-v1.5,3.0,FAISS IndexFlatIP,inner product over normalized embeddings
0.5,0.0,0.0,0.0,0.5,0.7071067811865476,1.0,,,150,0,150,0,LLM_RAG,1500,42,D1_to_D1,1200,300,300,,,,,,,,,,,300.0,Qwen/Qwen2.5-1.5B-Instruct,greedy,8.0,BAAI/bge-base-en-v1.5,3.0,FAISS IndexFlatIP,inner product over normalized embeddings
0.5,0.0,0.0,0.0,0.5,0.7071067811865476,1.0,,,150,0,150,0,LLM_RAG,1500,42,D1_to_D2,1200,300,300,,,,,,,,,,,300.0,Qwen/Qwen2.5-1.5B-Instruct,greedy,8.0,BAAI/bge-base-en-v1.5,3.0,FAISS IndexFlatIP,inner product over normalized embeddings
0.5,0.0,0.0,0.0,0.5,0.7071067811865476,1.0,,,150,0,150,0,LLM_RAG,1500,87,D1_to_D1,1200,300,300,,,,,,,,,,,300.0,Qwen/Qwen2.5-1.5B-Instruct,greedy,8.0,BAAI/bge-base-en-v1.5,3.0,FAISS IndexFlatIP,inner product over normalized embeddings
0.5,0.0,0.0,0.0,0.5,0.7071067811865476,1.0,,,150,0,150,0,LLM_RAG,1500,87,D1_to_D2,1200,300,300,,,,,,,,,,,300.0,Qwen/Qwen2.5-1.5B-Instruct,greedy,8.0,BAAI/bge-base-en-v1.5,3.0,FAISS IndexFlatIP,inner product over normalized embeddings
0.5,0.0,0.0,0.0,0.5,0.7071067811865476,1.0,,,150,0,150,0,LLM_RAG,1500,100,D1_to_D1,1200,300,300,,,,,,,,,,,300.0,Qwen/Qwen2.5-1.5B-Instruct,greedy,8.0,BAAI/bge-base-en-v1.5,3.0,FAISS IndexFlatIP,inner product over normalized embeddings
0.4966666666666666,0.0,0.0,0.0,0.5033333333333333,0.7094598884597587,1.0066666666666666,,,149,1,150,0,LLM_RAG,1500,100,D1_to_D2,1200,300,300,,,,,,,,,,,300.0,Qwen/Qwen2.5-1.5B-Instruct,greedy,8.0,BAAI/bge-base-en-v1.5,3.0,FAISS IndexFlatIP,inner product over normalized embeddings
0.5,0.0,0.0,0.0,0.5,0.7071067811865476,1.0,,,150,0,150,0,LLM_RAG,5000,13,D1_to_D1,4000,300,300,,,,,,,,,,,300.0,Qwen/Qwen2.5-1.5B-Instruct,greedy,8.0,BAAI/bge-base-en-v1.5,3.0,FAISS IndexFlatIP,inner product over normalized embeddings
0.5,0.0,0.0,0.0,0.5,0.7071067811865476,1.0,,,150,0,150,0,LLM_RAG,5000,13,D1_to_D2,4000,300,300,,,,,,,,,,,300.0,Qwen/Qwen2.5-1.5B-Instruct,greedy,8.0,BAAI/bge-base-en-v1.5,3.0,FAISS IndexFlatIP,inner product over normalized embeddings
0.5,0.0,0.0,0.0,0.5,0.7071067811865476,1.0,,,150,0,150,0,LLM_RAG,5000,21,D1_to_D1,4000,300,300,,,,,,,,,,,300.0,Qwen/Qwen2.5-1.5B-Instruct,greedy,8.0,BAAI/bge-base-en-v1.5,3.0,FAISS IndexFlatIP,inner product over normalized embeddings
0.5,0.0,0.0,0.0,0.5,0.7071067811865476,1.0,,,150,0,150,0,LLM_RAG,5000,21,D1_to_D2,4000,300,300,,,,,,,,,,,300.0,Qwen/Qwen2.5-1.5B-Instruct,greedy,8.0,BAAI/bge-base-en-v1.5,3.0,FAISS IndexFlatIP,inner product over normalized embeddings
0.5,0.0,0.0,0.0,0.5,0.7071067811865476,1.0,,,150,0,150,0,LLM_RAG,5000,42,D1_to_D1,4000,300,300,,,,,,,,,,,300.0,Qwen/Qwen2.5-1.5B-Instruct,greedy,8.0,BAAI/bge-base-en-v1.5,3.0,FAISS IndexFlatIP,inner product over normalized embeddings
0.5033333333333333,1.0,0.0066666666666666,0.0132450331125827,0.4966666666666666,0.7047458170621992,0.9933333333333332,,,150,0,149,1,LLM_RAG,5000,42,D1_to_D2,4000,300,300,,,,,,,,,,,300.0,Qwen/Qwen2.5-1.5B-Instruct,greedy,8.0,BAAI/bge-base-en-v1.5,3.0,FAISS IndexFlatIP,inner product over normalized embeddings
0.5,0.0,0.0,0.0,0.5,0.7071067811865476,1.0,,,150,0,150,0,LLM_RAG,5000,87,D1_to_D1,4000,300,300,,,,,,,,,,,300.0,Qwen/Qwen2.5-1.5B-Instruct,greedy,8.0,BAAI/bge-base-en-v1.5,3.0,FAISS IndexFlatIP,inner product over normalized embeddings
0.5,0.0,0.0,0.0,0.5,0.7071067811865476,1.0,,,150,0,150,0,LLM_RAG,5000,87,D1_to_D2,4000,300,300,,,,,,,,,,,300.0,Qwen/Qwen2.5-1.5B-Instruct,greedy,8.0,BAAI/bge-base-en-v1.5,3.0,FAISS IndexFlatIP,inner product over normalized embeddings
0.5,0.0,0.0,0.0,0.5,0.7071067811865476,1.0,,,150,0,150,0,LLM_RAG,5000,100,D1_to_D1,4000,300,300,,,,,,,,,,,300.0,Qwen/Qwen2.5-1.5B-Instruct,greedy,8.0,BAAI/bge-base-en-v1.5,3.0,FAISS IndexFlatIP,inner product over normalized embeddings
0.5,0.0,0.0,0.0,0.5,0.7071067811865476,1.0,,,150,0,150,0,LLM_RAG,5000,100,D1_to_D2,4000,300,300,,,,,,,,,,,300.0,Qwen/Qwen2.5-1.5B-Instruct,greedy,8.0,BAAI/bge-base-en-v1.5,3.0,FAISS IndexFlatIP,inner product over normalized embeddings
